编号,文件名,GPS纬度,GPS经度,综合感知得分,街巷空间与交通通达,建筑风貌与界面品质,便民生活与服务韧性,环境秩序与生态韧性,公共安全与心理感知,场所氛围与情感价值,针灸式更新潜力
1,1 (1).HEIC,30.619358,114.235550,0.3925,0.45,0.4167,0.4583,0.3571,0.375,0.2857,0.6095
2,1 (10).HEIC,30.618708,114.236253,0.3092,0.2,0.3333,0.25,0.3571,0.5,0.25,0.6849
3,1 (11).HEIC,30.618564,114.236344,0.3413,0.3,0.3333,0.25,0.3214,0.625,0.25,0.6534
4,1 (12).HEIC,30.618472,114.236411,0.2985,0.25,0.25,0.25,0.4286,0.375,0.25,0.6994
5,1 (13).HEIC,30.618375,114.236617,0.3852,0.2,0.4167,0.25,0.3571,0.875,0.2857,0.6026
6,1 (14).HEIC,30.618264,114.236589,0.3416,0.2,0.3333,0.2917,0.3929,0.625,0.25,0.6512
7,1 (15).HEIC,30.618067,114.236572,0.4082,0.2,0.5,0.2917,0.5357,0.625,0.3571,0.5817
8,1 (16).HEIC,30.618172,114.236825,0.301,0.25,0.3333,0.25,0.2857,0.5,0.2143,0.6944
9,1 (17).HEIC,30.618067,114.236969,0.3775,0.3,0.4167,0.25,0.4286,0.625,0.2857,0.6157
10,1 (18).HEIC,30.618139,114.237367,0.3278,0.2,0.4167,0.25,0.3929,0.5,0.25,0.6651
11,1 (19).HEIC,30.619364,114.235497,0.4184,0.4,0.4167,0.4167,0.4286,0.5,0.3571,0.5802
12,1 (2).HEIC,30.619258,114.235656,0.4476,0.3,0.5,0.375,0.4286,0.625,0.5,0.5452
13,1 (20).HEIC,30.617642,114.233247,0.3637,0.25,0.4167,0.2917,0.3571,0.625,0.2857,0.629
14,1 (21).HEIC,30.617886,114.232994,0.348,0.25,0.3333,0.25,0.3214,0.5,0.4643,0.6468
15,1 (22).HEIC,30.617558,114.232886,0.3578,0.25,0.4167,0.2917,0.3929,0.625,0.2143,0.6349
16,1 (23).HEIC,30.617222,114.232375,0.4022,0.35,0.3333,0.4167,0.3929,0.5,0.4286,0.5964
17,1 (24).HEIC,30.617717,114.231994,0.4144,0.35,0.5,0.2917,0.3929,0.75,0.25,0.5776
18,1 (25).HEIC,30.617944,114.232506,0.2651,0.2,0.3333,0.25,0.2857,0.25,0.2857,0.7325
19,1 (26).HEIC,30.618097,114.231850,0.5214,0.4,0.6667,0.5417,0.3929,0.625,0.5357,0.473
20,1 (27).HEIC,30.618439,114.231689,0.4251,0.3,0.5833,0.4167,0.3929,0.5,0.3929,0.569
21,1 (28).HEIC,30.618467,114.231011,0.328,0.3,0.3333,0.25,0.3571,0.5,0.25,0.6683
22,1 (29).HEIC,30.618347,114.230378,,,,,,,,
23,1 (3).HEIC,30.619458,114.236092,0.3003,0.15,0.25,0.25,0.3571,0.625,0.2143,0.6923
24,1 (30).HEIC,30.618036,114.230553,0.4073,0.2,0.4167,0.4167,0.4286,0.75,0.2857,0.5837
25,1 (31).HEIC,30.617908,114.230614,0.4022,0.35,0.3333,0.4583,0.4286,0.375,0.4643,0.5984
26,1 (32).HEIC,30.617764,114.230675,0.4211,0.25,0.4167,0.4583,0.3929,0.5,0.5357,0.5744
27,1 (33).HEIC,30.617636,114.230842,0.3278,0.2,0.4167,0.25,0.3929,0.5,0.25,0.6651
28,1 (34).HEIC,30.617486,114.230828,0.3451,0.25,0.3333,0.3333,0.3929,0.5,0.2857,0.6508
29,1 (35).HEIC,30.617375,114.230911,0.4066,0.35,0.5833,0.3333,0.3929,0.375,0.4286,0.5895
30,1 (36).HEIC,30.617225,114.230942,0.4428,0.35,0.4167,0.5,0.3571,0.625,0.4286,0.5538
31,1 (37).HEIC,30.617111,114.231011,0.4407,0.25,0.3333,0.4167,0.3929,0.875,0.4286,0.5506
32,1 (38).HEIC,30.616969,114.231086,0.3519,0.2,0.3333,0.2083,0.4286,0.75,0.25,0.6383
33,1 (39).HEIC,30.616828,114.231108,0.4557,0.4,0.5833,0.375,0.4286,0.625,0.3571,0.5385
34,1 (4).HEIC,30.619197,114.235786,0.3936,0.25,0.3333,0.25,0.4643,0.875,0.25,0.5962
35,1 (40).HEIC,30.616628,114.231278,0.4183,0.35,0.5833,0.2917,0.3571,0.5,0.4643,0.5756
36,1 (41).HEIC,30.620139,114.236528,0.4744,0.45,0.5,0.5417,0.5,0.5,0.3571,0.5252
37,1 (5).HEIC,30.619039,114.235917,0.3945,0.45,0.3333,0.25,0.3214,0.75,0.2857,0.6016
38,1 (6).HEIC,30.619403,114.236336,0.3212,0.3,0.25,0.2083,0.2857,0.625,0.2857,0.6742
39,1 (7).HEIC,30.618947,114.235986,0.3364,0.3,0.4167,0.3333,0.3214,0.375,0.2857,0.6613
40,1 (8).HEIC,30.618811,114.236061,0.3811,0.35,0.4167,0.25,0.3929,0.625,0.2857,0.6133
41,1 (9).HEIC,30.618892,114.236114,0.3825,0.35,0.4167,0.2917,0.3571,0.625,0.2857,0.6123
42,2 (1).jpg,30.619976,114.235762,0.4551,0.35,0.5833,0.4167,0.3929,0.75,0.2857,0.5369
43,2 (10).jpg,30.619445,114.235577,0.5083,0.5,0.5833,0.5,0.3929,0.625,0.4643,0.4891
44,2 (11).jpg,30.619302,114.235419,0.4246,0.3,0.4167,0.4583,0.3929,0.5,0.5,0.572
45,2 (12).jpg,30.618955,114.234938,0.3175,0.2,0.4167,0.3333,0.3929,0.375,0.2143,0.678
46,2 (13).jpg,30.618507,114.234308,0.3269,0.2,0.3333,0.2083,0.3929,0.625,0.25,0.6651
47,2 (14).jpg,30.618013,114.233673,0.3485,0.25,0.25,0.2083,0.4286,0.75,0.25,0.6438
48,2 (15).jpg,30.617491,114.232972,0.3275,0.3,0.4167,0.25,0.3214,0.375,0.3214,0.6692
49,2 (16).jpg,30.616739,114.231251,0.4183,0.35,0.3333,0.3333,0.3929,0.625,0.5,0.5776
50,2 (17).jpg,30.617090,114.230995,,,,,,,,
51,2 (18).jpg,30.617562,114.230700,0.3236,0.3,0.3333,0.3333,0.3571,0.375,0.25,0.6752
52,2 (19).jpg,30.617775,114.230610,0.3881,0.2,0.4167,0.4583,0.3571,0.5,0.4286,0.6065
53,2 (2).jpg,30.619789,114.235313,0.4359,0.3,0.5,0.3333,0.3571,0.75,0.4286,0.5552
54,2 (20).jpg,30.615804,114.229471,0.3604,0.3,0.3333,0.2917,0.3929,0.625,0.25,0.6345
55,2 (21).jpg,30.616241,114.229241,0.2813,0.2,0.3333,0.2083,0.3929,0.25,0.3214,0.7157
56,2 (22).jpg,30.617061,114.228891,0.3986,0.3,0.3333,0.375,0.2857,0.625,0.5,0.5968
57,2 (23).jpg,30.617256,114.228749,0.3681,0.25,0.4167,0.25,0.3571,0.625,0.3571,0.624
58,2 (24).jpg,30.615624,114.228694,0.3434,0.15,0.4167,0.2083,0.2857,0.75,0.3214,0.6446
59,2 (3).jpg,30.619569,114.234379,0.3517,0.35,0.4167,0.2917,0.2857,0.5,0.2857,0.645
60,2 (4).jpg,30.619403,114.233673,0.4031,0.35,0.4167,0.375,0.2857,0.625,0.3929,0.5925
61,2 (5).jpg,30.619187,114.233024,0.3398,0.3,0.3333,0.2917,0.4286,0.375,0.3214,0.6583
62,2 (6).jpg,30.619042,114.232576,0.3972,0.3,0.3333,0.25,0.3929,0.875,0.2857,0.5938
63,2 (7).jpg,30.619037,114.232138,0.3713,0.35,0.3333,0.25,0.4286,0.375,0.5,0.6272
64,2 (8).jpg,30.620000,114.236310,0.3632,0.25,0.5,0.2917,0.3571,0.5,0.3214,0.63
65,2 (9).jpg,30.619717,114.235948,0.3758,0.4,0.4167,0.4167,0.3214,0.375,0.3214,0.6248
66,3 (1).jpg,30.620292,114.236319,0.463,0.4,0.5833,0.4167,0.5,0.625,0.2857,0.5315
67,3 (10).jpg,30.619753,114.235478,0.3686,0.25,0.3333,0.3333,0.4643,0.5,0.3571,0.627
68,3 (11).jpg,30.619694,114.235206,0.3981,0.3,0.4167,0.375,0.4286,0.5,0.3929,0.5978
69,3 (12).jpg,30.619631,114.234911,0.4546,0.35,0.4167,0.4583,0.3929,0.75,0.3929,0.5399
70,3 (13).jpg,30.619525,114.234611,0.4025,0.3,0.4167,0.5417,0.4286,0.375,0.3571,0.5968
71,3 (14).jpg,30.619439,114.234289,0.3914,0.35,0.4167,0.4583,0.3571,0.375,0.3929,0.6083
72,3 (15).jpg,30.619436,114.233917,0.4075,0.35,0.4167,0.375,0.3929,0.5,0.4286,0.5895
73,3 (16).jpg,30.617589,114.233075,0.4524,0.45,0.5,0.3333,0.3929,0.75,0.3214,0.5421
74,3 (17).jpg,30.616731,114.231400,0.3725,0.2,0.3333,0.2917,0.3929,0.75,0.3214,0.6185
75,3 (18).jpg,30.616219,114.230244,0.3574,0.25,0.25,0.2917,0.3929,0.75,0.25,0.6359
76,3 (19).jpg,30.616028,114.229731,0.3489,0.2,0.3333,0.3333,0.3929,0.625,0.25,0.6442
77,3 (2).jpg,30.620339,114.236250,0.4522,0.35,0.3333,0.4167,0.5,0.75,0.3929,0.5429
78,3 (20).jpg,30.615711,114.229464,0.2671,0.2,0.25,0.2917,0.25,0.375,0.25,0.7306
79,3 (21).jpg,30.615556,114.229225,0.3978,0.4,0.4167,0.2917,0.4286,0.625,0.25,0.598
80,3 (22).jpg,30.615461,114.228839,0.4061,0.35,0.4167,0.2917,0.3929,0.625,0.3929,0.5885
81,3 (23).jpg,30.615203,114.228350,0.379,0.3,0.4167,0.2083,0.3214,0.875,0.2143,0.6107
82,3 (24).jpg,30.615508,114.228828,0.3637,0.25,0.4167,0.3333,0.3571,0.5,0.3571,0.631
83,3 (25).jpg,30.615744,114.228739,0.3328,0.25,0.4167,0.3333,0.3929,0.375,0.25,0.6637
84,3 (26).jpg,30.615894,114.228553,0.3857,0.2,0.3333,0.2917,0.3571,0.875,0.3214,0.6036
85,3 (27).jpg,30.615911,114.228528,0.2396,0.2,0.1667,0.25,0.3214,0.25,0.25,0.7603
86,3 (28).jpg,30.616128,114.228392,0.3771,0.3,0.5,0.4583,0.3571,0.375,0.2857,0.6206
87,3 (29).jpg,30.616367,114.228203,0.2925,0.2,0.4167,0.25,0.1786,0.5,0.25,0.7008
88,3 (3).jpg,30.620536,114.236086,0.4303,0.45,0.5,0.2917,0.4643,0.5,0.3929,0.5669
89,3 (30).jpg,30.616447,114.228192,0.2788,0.2,0.25,0.25,0.25,0.5,0.25,0.7167
90,3 (31).jpg,30.616450,114.228189,0.2494,0.2,0.25,0.1667,0.3929,0.25,0.25,0.7484
91,3 (32).jpg,30.616897,114.228028,0.3466,0.25,0.3333,0.375,0.3571,0.5,0.2857,0.6498
92,3 (4).jpg,30.621228,114.235525,0.3787,0.4,0.4167,0.2917,0.3929,0.5,0.2857,0.6188
93,3 (5).jpg,30.621186,114.235403,0.329,0.3,0.4167,0.2917,0.3571,0.375,0.25,0.6683
94,3 (6).jpg,30.620594,114.235894,0.5175,0.7,0.6667,0.375,0.4643,0.5,0.3929,0.4835
95,3 (7).jpg,30.620328,114.235628,0.4594,0.55,0.5,0.4167,0.5,0.5,0.2857,0.5413
96,3 (8).jpg,30.620058,114.235972,0.3914,0.35,0.4167,0.375,0.3571,0.625,0.25,0.6044
97,3 (9).jpg,30.619792,114.235603,,,,,,,,
